{
  "circuitFeedbacks": [
    {
      "crtDecompositionsOfOutputs": [
        []
      ],
      "memoryUsagePerLoc": {
        "loc(\"/home/martin/anaconda3/envs/py310env/lib/python3.10/site-packages/concrete/ml/sklearn/base.py\":1833:0)": 100164,
        "loc(\"/home/martin/anaconda3/envs/py310env/lib/python3.10/site-packages/concrete/ml/sklearn/base.py\":1836:0)": 30048,
        "loc(unknown)": 10016
      },
      "name": "main",
      "statistics": [
        {
          "count": 2,
          "keys": [
            [
              "SECRET",
              0
            ]
          ],
          "location": "loc(\"/home/martin/anaconda3/envs/py310env/lib/python3.10/site-packages/concrete/ml/sklearn/base.py\":1833:0)",
          "operation": "CLEAR_MULTIPLICATION"
        },
        {
          "count": 2,
          "keys": [
            [
              "SECRET",
              0
            ]
          ],
          "location": "loc(\"/home/martin/anaconda3/envs/py310env/lib/python3.10/site-packages/concrete/ml/sklearn/base.py\":1833:0)",
          "operation": "ENCRYPTED_ADDITION"
        },
        {
          "count": 2,
          "keys": [
            [
              "SECRET",
              0
            ]
          ],
          "location": "loc(\"/home/martin/anaconda3/envs/py310env/lib/python3.10/site-packages/concrete/ml/sklearn/base.py\":1833:0)",
          "operation": "ENCRYPTED_ADDITION"
        },
        {
          "count": 1,
          "keys": [
            [
              "SECRET",
              0
            ]
          ],
          "location": "loc(\"/home/martin/anaconda3/envs/py310env/lib/python3.10/site-packages/concrete/ml/sklearn/base.py\":1833:0)",
          "operation": "CLEAR_MULTIPLICATION"
        },
        {
          "count": 1,
          "keys": [
            [
              "SECRET",
              0
            ]
          ],
          "location": "loc(\"/home/martin/anaconda3/envs/py310env/lib/python3.10/site-packages/concrete/ml/sklearn/base.py\":1833:0)",
          "operation": "ENCRYPTED_NEGATION"
        },
        {
          "count": 1,
          "keys": [
            [
              "SECRET",
              0
            ]
          ],
          "location": "loc(\"/home/martin/anaconda3/envs/py310env/lib/python3.10/site-packages/concrete/ml/sklearn/base.py\":1833:0)",
          "operation": "ENCRYPTED_ADDITION"
        },
        {
          "count": 1,
          "keys": [
            [
              "SECRET",
              0
            ]
          ],
          "location": "loc(\"/home/martin/anaconda3/envs/py310env/lib/python3.10/site-packages/concrete/ml/sklearn/base.py\":1836:0)",
          "operation": "CLEAR_ADDITION"
        }
      ],
      "totalInputsSize": 48,
      "totalOutputsSize": 10016
    }
  ],
  "complexity": 1251,
  "globalPError": 5.775781299847616e-13,
  "pError": 5.775781299847616e-13,
  "totalBootstrapKeysSize": 0,
  "totalKeyswitchKeysSize": 0,
  "totalSecretKeysSize": 10008
}