{"keyset":{"lweSecretKeys":[{"id":0,"params":{"lweDimension":1251,"integerPrecision":64,"keyType":"binary"}}],"lweBootstrapKeys":[],"lweKeyswitchKeys":[],"packingKeyswitchKeys":[]},"circuits":[{"inputs":[{"rawInfo":{"shape":{"dimensions":[1,2,3]},"integerPrecision":64,"isSigned":false},"typeInfo":{"lweCiphertext":{"abstractShape":{"dimensions":[1,2]},"concreteShape":{"dimensions":[1,2,3]},"integerPrecision":64,"encryption":{"keyId":0,"variance":1.8065386451032121e-18,"lweDimension":1251,"modulus":{"modulus":{"native":{}}}},"compression":"seed","encoding":{"integer":{"width":17,"isSigned":true,"mode":{"native":{}}}}}}}],"outputs":[{"rawInfo":{"shape":{"dimensions":[1,1,1252]},"integerPrecision":64,"isSigned":false},"typeInfo":{"lweCiphertext":{"abstractShape":{"dimensions":[1,1]},"concreteShape":{"dimensions":[1,1,1252]},"integerPrecision":64,"encryption":{"keyId":0,"variance":1.8065386451032121e-18,"lweDimension":1251,"modulus":{"modulus":{"native":{}}}},"compression":"none","encoding":{"integer":{"width":17,"isSigned":false,"mode":{"native":{}}}}}}}],"name":"main"}]}